,,,Die Wohnbevölkerung zum Jahresanfang von 1993 bis 2021,,,,,,,,,,,,,,,,,,,,,,,,,,,,
,,,,,,,,,,,,,,,,,,,,,,,,,,,,,,,
Bezirk,Gemnr,Gemeinde,1993,1994,1995,1996,1997,1998,1999,2000,2001,2002,2003,2004,2005,2006,2007,2008,2009,2010,2011,2012,2013,2014,2015,2016,2017,2018,2019,2020,2021
,,,,,,,,,,,,,,,,,,,,,,,,,,,,,,,
I,70101,Innsbruck ,111.305,112.174,112.759,109.150,109.763,110.454,110.997,111.752,112.350,112.882,112.938,113.425,114.438,115.643,116.370,116.649,117.252,118.177,118.895,119.846,122.458,124.579,126.965,131.009,132.236,132.493,132.110,131.961,131.059
IM,70201,Arzl im Pitztal,2.492,2.669,2.693,2.737,2.738,2.729,2.779,2.759,2.765,2.776,2.804,2.859,2.924,2.926,2.933,2.969,2.943,2.946,2.972,2.989,2.983,3.030,3.039,3.042,3.088,3.134,3.157,3.164,3.140
IM,70202,Haiming,3.625,3.701,3.677,3.725,3.741,3.739,3.768,3.784,3.858,3.906,3.925,3.912,3.947,4.009,4.142,4.228,4.226,4.269,4.346,4.457,4.444,4.474,4.528,4.535,4.608,4.659,4.697,4.757,4.770
IM,70203,Imst,7.925,8.145,7.984,8.071,8.268,8.399,8.542,8.620,8.717,8.821,8.862,8.947,9.070,9.221,9.410,9.409,9.514,9.459,9.480,9.504,9.552,9.661,9.827,10.115,10.371,10.504,10.628,10.765,10.882
IM,70204,Imsterberg,683,687,703,706,709,722,734,728,729,733,738,732,745,747,745,770,759,755,749,743,761,757,774,763,769,777,801,801,794
IM,70205,Jerzens,915,920,924,930,924,918,923,931,909,911,924,934,957,1.002,1.008,982,1.013,1.027,1.017,1.018,1.036,1.033,1.008,1.005,1.010,975,984,947,944
IM,70206,Karres,538,535,552,543,559,568,564,560,570,576,586,592,590,588,592,600,603,609,605,614,605,608,597,598,596,609,606,620,612
IM,70207,Karrösten,658,666,664,674,662,672,686,680,688,694,697,697,693,695,681,681,675,676,680,683,687,691,692,677,684,676,683,676,686
IM,70208,Längenfeld,3.636,3.740,3.836,3.865,3.916,3.934,3.973,4.000,4.056,4.097,4.130,4.167,4.232,4.324,4.359,4.355,4.383,4.356,4.373,4.311,4.362,4.400,4.442,4.481,4.570,4.611,4.669,4.742,4.780
IM,70209,Mieming,2.419,2.487,2.531,2.509,2.540,2.556,2.689,2.731,2.811,2.908,2.962,3.005,3.030,3.104,3.185,3.245,3.325,3.367,3.428,3.439,3.477,3.478,3.494,3.531,3.601,3.698,3.761,3.790,3.828
IM,70210,Mils bei Imst,446,490,515,536,545,552,545,551,552,557,532,547,549,540,539,541,556,552,552,547,534,540,552,560,568,559,596,608,610
IM,70211,Mötz,1.097,1.149,1.171,1.163,1.143,1.167,1.163,1.171,1.145,1.183,1.172,1.231,1.232,1.220,1.209,1.222,1.205,1.213,1.238,1.243,1.261,1.263,1.277,1.264,1.244,1.219,1.227,1.250,1.308
IM,70212,Nassereith,2.151,2.164,2.204,2.217,2.210,2.174,2.191,2.126,2.114,2.041,2.032,2.035,2.063,2.075,2.075,2.070,2.071,2.065,2.070,2.067,2.082,2.046,2.031,2.014,2.062,2.119,2.164,2.149,2.156
IM,70213,Obsteig,849,860,860,868,885,910,913,933,946,983,1.011,1.030,1.089,1.146,1.141,1.135,1.169,1.173,1.162,1.190,1.206,1.255,1.257,1.320,1.345,1.316,1.338,1.381,1.404
IM,70214,Oetz,2.139,2.130,2.141,2.180,2.234,2.237,2.194,2.187,2.199,2.233,2.206,2.215,2.249,2.236,2.250,2.248,2.251,2.254,2.266,2.314,2.335,2.333,2.337,2.362,2.377,2.402,2.359,2.392,2.335
IM,70215,Rietz,1.849,1.843,1.835,1.865,1.913,1.919,1.953,1.954,1.982,2.002,2.028,2.023,2.014,2.025,2.069,2.093,2.102,2.085,2.078,2.126,2.142,2.157,2.181,2.208,2.274,2.313,2.324,2.367,2.450
IM,70216,Roppen,1.463,1.474,1.517,1.574,1.574,1.583,1.582,1.602,1.581,1.585,1.608,1.608,1.633,1.628,1.622,1.635,1.652,1.649,1.638,1.652,1.689,1.702,1.714,1.776,1.777,1.800,1.801,1.818,1.877
IM,70217,St. Leonhard im Pitztal,1.479,1.490,1.495,1.503,1.507,1.485,1.483,1.498,1.497,1.509,1.517,1.516,1.513,1.507,1.499,1.523,1.493,1.497,1.467,1.467,1.447,1.419,1.404,1.393,1.389,1.382,1.394,1.384,1.388
IM,70218,Sautens,1.232,1.252,1.282,1.271,1.268,1.265,1.277,1.294,1.273,1.294,1.305,1.326,1.312,1.329,1.365,1.382,1.388,1.395,1.411,1.422,1.421,1.485,1.528,1.594,1.616,1.601,1.620,1.623,1.640
IM,70219,Silz inkl. Kühtai,2.325,2.406,2.453,2.449,2.507,2.509,2.508,2.485,2.492,2.393,2.454,2.470,2.458,2.437,2.452,2.480,2.483,2.589,2.578,2.545,2.559,2.581,2.525,2.519,2.533,2.560,2.564,2.563,2.570
IM,70220,Sölden,2.824,3.307,3.257,3.359,3.351,3.320,3.323,3.332,3.380,3.386,3.434,3.675,3.473,3.411,3.348,3.754,3.890,3.930,4.100,4.236,3.550,3.302,3.279,3.201,3.124,3.145,3.119,3.041,2.955
IM,70221,Stams,1.269,1.294,1.326,1.353,1.353,1.353,1.329,1.281,1.260,1.249,1.267,1.275,1.275,1.298,1.293,1.298,1.310,1.313,1.334,1.337,1.347,1.332,1.382,1.403,1.451,1.495,1.495,1.547,1.556
IM,70222,Tarrenz,2.290,2.331,2.342,2.403,2.441,2.472,2.480,2.526,2.550,2.531,2.530,2.565,2.579,2.568,2.574,2.592,2.595,2.618,2.646,2.648,2.691,2.692,2.705,2.714,2.726,2.744,2.763,2.736,2.777
IM,70223,Umhausen,2.609,2.627,2.671,2.712,2.743,2.741,2.793,2.808,2.808,2.849,2.868,2.900,2.899,2.912,2.976,3.025,3.050,3.080,3.074,3.096,3.109,3.099,3.116,3.174,3.190,3.220,3.271,3.314,3.379
IM,70224,Wenns,1.932,1.939,1.969,1.979,1.994,2.007,1.979,1.975,2.011,2.002,1.996,1.992,2.023,2.049,2.018,2.011,2.003,2.007,1.961,1.950,1.956,1.933,1.965,1.984,2.009,2.044,2.035,2.039,2.081
IL,70301,Absam,6.418,6.184,6.206,6.179,6.196,6.219,6.374,6.346,6.349,6.365,6.434,6.459,6.542,6.474,6.561,6.683,6.694,6.681,6.690,6.723,6.766,6.756,6.774,6.910,6.990,7.112,7.285,7.311,7.319
IL,70302,Aldrans,1.823,1.831,1.885,1.884,1.901,1.917,1.929,1.937,1.939,1.937,1.956,1.986,2.002,1.968,2.010,2.069,2.065,2.136,2.169,2.212,2.315,2.421,2.500,2.564,2.658,2.684,2.736,2.723,2.761
IL,70303,Ampass,1.180,1.232,1.227,1.244,1.250,1.324,1.306,1.302,1.317,1.312,1.333,1.347,1.408,1.431,1.517,1.565,1.575,1.618,1.636,1.665,1.688,1.762,1.795,1.809,1.793,1.827,1.835,1.845,1.832
IL,70304,Axams,4.987,5.103,5.167,5.230,5.267,5.245,5.295,5.273,5.324,5.291,5.345,5.357,5.301,5.317,5.383,5.374,5.461,5.495,5.487,5.579,5.586,5.669,5.763,5.849,5.872,5.996,6.018,6.048,6.111
IL,70305,Baumkirchen,952,992,984,977,985,1.028,1.060,1.066,1.083,1.093,1.103,1.092,1.078,1.089,1.115,1.131,1.159,1.161,1.143,1.150,1.159,1.184,1.220,1.248,1.275,1.284,1.278,1.270,1.297
IL,70306,Birgitz,1.151,1.121,1.161,1.206,1.216,1.209,1.189,1.196,1.190,1.182,1.202,1.185,1.168,1.199,1.259,1.281,1.258,1.269,1.300,1.320,1.305,1.333,1.341,1.385,1.420,1.419,1.459,1.488,1.496
IL,70307,Ellbögen,962,993,1.004,1.002,1.018,1.032,1.047,1.055,1.058,1.080,1.076,1.085,1.078,1.079,1.079,1.092,1.086,1.081,1.078,1.067,1.081,1.098,1.092,1.106,1.105,1.109,1.117,1.129,1.146
IL,70308,Flaurling,1.007,1.002,1.026,1.059,1.054,1.059,1.113,1.129,1.108,1.114,1.149,1.137,1.128,1.147,1.138,1.144,1.194,1.194,1.223,1.207,1.221,1.234,1.284,1.289,1.266,1.285,1.304,1.309,1.309
IL,70309,Fritzens,1.939,1.924,1.918,1.990,2.027,1.984,1.990,2.019,2.011,2.007,2.009,2.024,1.999,2.001,2.031,2.007,2.013,2.023,2.061,2.039,2.022,2.054,2.091,2.076,2.106,2.148,2.168,2.175,2.148
IL,70310,Fulpmes,3.938,3.880,3.900,3.848,3.835,3.872,3.875,3.910,3.878,3.922,3.923,4.006,4.008,4.021,4.074,4.084,4.077,4.063,4.158,4.193,4.230,4.263,4.251,4.281,4.353,4.378,4.426,4.462,4.495
IL,70311,Gnadenwald,572,576,580,572,588,599,583,597,596,632,657,657,652,668,682,720,734,719,711,727,742,757,772,787,806,826,840,818,826
IL,70312,Götzens,3.460,3.537,3.522,3.528,3.480,3.463,3.488,3.553,3.526,3.551,3.615,3.699,3.754,3.734,3.730,3.737,3.758,3.827,3.878,3.924,3.959,3.983,3.991,3.949,4.010,4.062,4.044,4.088,4.138
IL,70313,Gries am Brenner,1.482,1.428,1.432,1.389,1.320,1.289,1.266,1.272,1.260,1.245,1.235,1.217,1.207,1.216,1.219,1.231,1.259,1.274,1.256,1.284,1.281,1.281,1.337,1.329,1.346,1.361,1.341,1.332,1.332
IL,70314,Gries im Sellrain,674,641,585,596,570,571,572,582,573,582,575,580,573,582,582,580,582,579,581,579,596,583,601,599,615,610,613,616,619
IL,70315,Grinzens,1.283,1.326,1.274,1.275,1.265,1.238,1.237,1.255,1.251,1.311,1.296,1.320,1.304,1.290,1.312,1.319,1.334,1.308,1.306,1.339,1.346,1.375,1.416,1.416,1.399,1.399,1.387,1.410,1.410
IL,70317,Gschnitz,465,471,469,470,476,479,474,478,474,450,450,449,437,434,426,421,422,423,413,425,439,430,424,424,421,434,449,438,436
IL,70318,Hatting,868,874,894,923,926,952,957,1.002,1.032,1.024,1.040,1.049,1.096,1.118,1.148,1.152,1.161,1.171,1.229,1.232,1.282,1.315,1.365,1.394,1.426,1.444,1.454,1.471,1.469
IL,70319,Inzing,2.871,2.913,2.986,3.050,3.100,3.140,3.138,3.132,3.179,3.198,3.260,3.279,3.277,3.289,3.321,3.323,3.435,3.471,3.498,3.520,3.603,3.632,3.675,3.758,3.818,3.847,3.904,3.967,3.990
IL,70320,Kematen in Tirol,2.282,2.360,2.408,2.488,2.494,2.503,2.533,2.505,2.550,2.577,2.558,2.548,2.575,2.520,2.556,2.559,2.493,2.553,2.558,2.545,2.563,2.713,2.762,2.831,2.864,2.931,2.963,2.975,3.014
IL,70322,Kolsass,1.265,1.274,1.316,1.330,1.341,1.379,1.393,1.396,1.413,1.411,1.414,1.435,1.421,1.441,1.436,1.449,1.463,1.491,1.502,1.548,1.574,1.590,1.586,1.581,1.596,1.626,1.630,1.618,1.667
IL,70323,Kolsassberg,597,609,637,658,669,672,684,708,724,723,732,726,740,746,750,753,753,754,740,747,751,769,790,806,807,817,828,816,834
IL,70325,Lans,875,899,895,911,899,894,870,904,911,885,900,888,903,887,897,923,923,921,913,924,957,989,1.031,1.062,1.083,1.096,1.077,1.090,1.111
IL,70326,Leutasch,1.791,1.876,1.868,1.935,1.937,1.940,1.962,1.978,2.008,2.009,2.042,2.050,2.069,2.057,2.056,2.073,2.104,2.151,2.205,2.208,2.201,2.248,2.274,2.283,2.325,2.380,2.422,2.408,2.419
IL,70327,Matrei am Brenner,1.005,1.045,1.046,1.016,1.021,1.003,1.010,999,994,992,993,972,949,923,929,932,911,899,900,896,881,872,937,932,937,959,953,932,918
IL,70328,Mieders,1.192,1.254,1.346,1.375,1.424,1.456,1.494,1.517,1.559,1.582,1.624,1.650,1.667,1.675,1.711,1.726,1.732,1.728,1.748,1.755,1.789,1.790,1.813,1.844,1.846,1.861,1.884,1.874,1.940
IL,70329,Mils,3.724,3.781,3.722,3.741,3.754,3.769,3.785,3.790,3.818,3.807,3.852,3.910,3.925,3.942,3.956,4.032,4.085,4.081,4.145,4.114,4.145,4.128,4.162,4.279,4.323,4.377,4.447,4.481,4.549
IL,70330,Mühlbachl,1.429,1.413,1.369,1.388,1.385,1.362,1.361,1.358,1.369,1.382,1.401,1.394,1.375,1.371,1.369,1.360,1.338,1.347,1.343,1.351,1.321,1.332,1.375,1.373,1.398,1.393,1.388,1.427,1.453
IL,70331,Mutters,1.917,1.935,1.930,1.926,1.992,1.955,1.961,1.926,1.915,1.937,1.976,1.947,1.958,1.974,1.984,1.968,1.982,2.000,1.986,1.993,2.025,2.073,2.073,2.079,2.170,2.202,2.209,2.231,2.230
IL,70332,Natters,1.855,1.849,1.809,1.813,1.809,1.802,1.863,1.868,1.868,1.854,1.854,1.846,1.860,1.866,1.917,1.919,1.900,1.916,1.893,1.844,1.875,1.853,1.938,2.011,2.038,2.020,2.069,2.075,2.087
IL,70333,Navis,1.891,1.907,1.935,1.924,1.905,1.905,1.909,1.906,1.908,1.908,1.912,1.905,1.920,1.926,1.947,1.975,1.979,1.963,1.968,1.956,1.969,1.967,1.966,1.986,1.995,2.004,2.037,2.044,2.050
IL,70334,Neustift im Stubaital,3.846,3.984,4.074,4.129,4.192,4.224,4.268,4.296,4.328,4.437,4.467,4.511,4.496,4.490,4.449,4.468,4.488,4.517,4.504,4.571,4.563,4.637,4.657,4.704,4.716,4.747,4.785,4.811,4.817
IL,70335,Oberhofen im Inntal,1.506,1.513,1.543,1.546,1.528,1.599,1.642,1.638,1.639,1.605,1.607,1.597,1.590,1.627,1.634,1.673,1.684,1.675,1.682,1.691,1.685,1.679,1.747,1.778,1.819,1.857,1.868,1.861,1.902
IL,70336,Obernberg,370,390,368,370,368,362,368,362,361,355,358,352,358,357,360,366,360,360,364,359,362,362,359,354,355,363,369,371,378
IL,70337,Oberperfuss,2.326,2.368,2.471,2.495,2.529,2.590,2.627,2.618,2.657,2.723,2.752,2.785,2.806,2.813,2.790,2.781,2.784,2.802,2.813,2.841,2.878,2.908,2.945,2.984,2.992,3.043,3.097,3.091,3.082
IL,70338,Patsch,878,849,895,851,874,886,865,871,870,873,881,879,884,908,963,970,1.006,1.011,1.011,1.007,965,961,977,981,1.009,1.014,1.037,1.056,1.089
IL,70339,Pettnau,869,855,874,900,926,948,974,950,955,960,948,952,947,938,937,923,912,899,893,910,906,919,957,992,995,1.047,1.058,1.065,1.064
IL,70340,Pfaffenhofen,1.046,1.068,1.067,1.116,1.156,1.145,1.133,1.130,1.109,1.112,1.122,1.090,1.084,1.056,1.060,1.072,1.061,1.078,1.063,1.089,1.093,1.051,1.077,1.098,1.105,1.102,1.140,1.143,1.185
IL,70341,Pfons,1.210,1.195,1.238,1.242,1.229,1.226,1.233,1.248,1.249,1.241,1.227,1.251,1.254,1.240,1.232,1.230,1.241,1.227,1.220,1.240,1.232,1.227,1.209,1.218,1.207,1.205,1.221,1.231,1.224
IL,70342,Polling in Tirol,705,739,748,758,755,756,768,785,774,764,780,789,840,892,903,913,920,941,953,965,952,974,1.016,1.073,1.098,1.130,1.221,1.230,1.282
IL,70343,Ranggen,712,718,738,741,757,766,806,807,832,840,854,847,847,867,885,912,938,953,968,979,994,1.027,1.032,1.041,1.083,1.072,1.094,1.101,1.090
IL,70344,Reith bei Seefeld,919,930,979,1.017,1.045,1.125,1.097,1.113,1.122,1.129,1.108,1.123,1.124,1.177,1.146,1.146,1.143,1.152,1.144,1.234,1.256,1.294,1.275,1.329,1.349,1.370,1.367,1.420,1.426
IL,70345,Rinn,1.207,1.166,1.183,1.240,1.272,1.329,1.364,1.417,1.429,1.411,1.415,1.436,1.452,1.481,1.501,1.495,1.555,1.615,1.644,1.665,1.700,1.723,1.766,1.825,1.856,1.877,1.916,1.939,1.951
IL,70346,Rum,8.347,8.297,8.238,8.220,8.279,8.226,8.250,8.309,8.362,8.346,8.391,8.458,8.448,8.609,8.708,8.688,8.753,8.796,8.818,8.838,8.774,8.940,8.993,9.050,9.063,9.190,9.239,9.271,9.311
IL,70347,St. Sigmund im Sellrain,167,165,172,186,196,187,186,192,193,197,194,199,200,192,187,183,177,171,170,167,167,172,169,168,164,175,177,175,179
IL,70348,Scharnitz,1.180,1.290,1.332,1.336,1.337,1.321,1.343,1.282,1.282,1.278,1.255,1.247,1.256,1.310,1.322,1.299,1.309,1.319,1.282,1.320,1.302,1.301,1.316,1.378,1.389,1.403,1.384,1.361,1.355
IL,70349,Schmirn,899,903,902,907,906,910,906,904,895,887,892,890,895,905,896,879,887,890,895,876,861,858,865,866,853,872,869,875,885
IL,70350,Schönberg im Stubaital,976,1.048,1.079,1.042,1.062,1.049,1.017,1.024,1.001,1.000,999,990,997,1.015,1.006,1.020,1.013,1.003,997,1.015,1.015,1.009,1.008,1.033,1.091,1.101,1.097,1.109,1.097
IL,70351,Seefeld in Tirol,2.367,2.372,2.485,3.188,3.191,3.190,3.155,3.085,3.096,3.157,3.117,3.000,2.991,2.997,3.008,2.976,2.974,3.047,3.150,3.230,3.279,3.314,3.376,3.399,3.453,3.440,3.430,3.462,3.519
IL,70352,Sellrain,1.337,1.377,1.430,1.436,1.398,1.376,1.371,1.356,1.370,1.362,1.356,1.367,1.369,1.349,1.341,1.344,1.334,1.350,1.337,1.348,1.347,1.341,1.330,1.347,1.343,1.333,1.340,1.324,1.339
IL,70353,Sistrans,1.467,1.513,1.533,1.616,1.642,1.663,1.695,1.723,1.771,1.777,1.795,1.813,1.835,1.887,1.906,1.900,1.975,2.010,2.042,2.109,2.148,2.166,2.169,2.227,2.238,2.255,2.231,2.244,2.250
IL,70354,Hall in Tirol,12.364,12.080,11.936,11.758,11.810,11.699,11.526,11.447,11.385,11.561,11.547,11.554,12.035,12.338,12.396,12.337,12.411,12.511,12.688,12.888,12.956,13.171,13.577,13.687,13.801,13.897,13.942,14.153,14.243
IL,70355,Steinach,3.241,3.268,3.271,3.283,3.278,3.267,3.261,3.302,3.296,3.306,3.275,3.274,3.305,3.314,3.307,3.315,3.332,3.339,3.354,3.358,3.351,3.375,3.425,3.474,3.561,3.622,3.657,3.646,3.635
IL,70356,Telfes im Stubaital,1.247,1.285,1.334,1.352,1.334,1.357,1.358,1.384,1.367,1.357,1.361,1.386,1.377,1.390,1.416,1.432,1.470,1.470,1.444,1.484,1.501,1.501,1.516,1.533,1.537,1.570,1.601,1.599,1.592
IL,70357,Telfs,10.603,10.617,10.836,11.279,11.492,11.884,12.154,12.396,12.616,12.917,13.104,13.504,13.980,14.283,14.371,14.431,14.471,14.520,14.619,14.718,14.803,14.986,15.235,15.358,15.582,15.747,15.920,16.046,16.091
IL,70358,Thaur,3.340,3.368,3.305,3.286,3.289,3.339,3.340,3.350,3.461,3.482,3.503,3.596,3.615,3.662,3.686,3.709,3.739,3.742,3.756,3.788,3.778,3.793,3.843,3.883,3.937,3.979,3.999,4.058,4.112
IL,70359,Trins,1.071,1.131,1.135,1.167,1.177,1.171,1.169,1.165,1.179,1.190,1.197,1.186,1.246,1.260,1.256,1.250,1.258,1.268,1.269,1.274,1.243,1.242,1.247,1.268,1.274,1.277,1.308,1.323,1.345
IL,70360,Tulfes,1.190,1.231,1.194,1.275,1.207,1.251,1.270,1.255,1.306,1.345,1.358,1.364,1.377,1.408,1.424,1.422,1.432,1.410,1.392,1.411,1.423,1.441,1.485,1.494,1.531,1.550,1.568,1.642,1.693
IL,70361,Unterperfuss,207,204,152,161,197,196,196,208,205,194,190,191,183,200,202,204,203,207,198,196,192,220,215,226,220,224,223,222,230
IL,70362,Vals,498,502,505,496,496,516,517,513,508,509,514,507,540,557,556,564,564,558,550,563,549,544,538,536,537,532,541,530,527
IL,70364,Völs,6.781,6.810,6.900,6.872,6.779,6.678,6.600,6.610,6.599,6.637,6.692,6.762,6.695,6.613,6.515,6.569,6.568,6.551,6.531,6.496,6.570,6.595,6.631,6.692,6.730,6.738,6.844,6.938,6.963
IL,70365,Volders,3.803,3.827,3.840,3.903,3.941,3.960,4.045,4.129,4.155,4.138,4.120,4.227,4.301,4.262,4.260,4.276,4.279,4.307,4.328,4.325,4.384,4.361,4.415,4.426,4.437,4.464,4.443,4.451,4.497
IL,70366,Wattenberg,584,611,620,633,651,674,689,700,705,722,711,703,708,703,712,728,737,725,721,715,724,720,728,726,736,739,741,742,776
IL,70367,Wattens,7.007,7.143,7.176,7.218,7.270,7.237,7.339,7.290,7.338,7.319,7.348,7.449,7.497,7.602,7.651,7.665,7.665,7.594,7.614,7.677,7.639,7.659,7.702,7.880,7.870,7.881,7.938,8.010,7.984
IL,70368,Wildermieming,690,708,703,726,743,748,750,756,766,776,771,796,785,793,823,828,827,831,864,871,888,897,909,924,928,935,942,972,982
IL,70369,Zirl,5.093,5.367,5.556,5.569,5.698,5.742,5.779,5.922,6.046,6.204,6.346,6.532,6.790,7.081,7.229,7.310,7.372,7.510,7.623,7.747,7.802,7.858,7.933,8.025,8.134,8.162,8.146,8.110,8.197
KB,70401,Aurach bei Kitzbühel,1.098,1.131,1.153,1.169,1.201,1.222,1.216,1.237,1.237,1.219,1.203,1.231,1.234,1.199,1.175,1.155,1.151,1.174,1.163,1.135,1.119,1.104,1.100,1.092,1.125,1.130,1.130,1.116,1.132
KB,70402,Brixen im Thale,2.389,2.412,2.463,2.514,2.514,2.535,2.558,2.563,2.572,2.570,2.572,2.596,2.596,2.594,2.602,2.602,2.589,2.630,2.666,2.663,2.646,2.619,2.639,2.615,2.627,2.639,2.639,2.639,2.636
KB,70403,Fieberbrunn,4.156,4.217,4.203,4.174,4.163,4.129,4.149,4.178,4.186,4.234,4.252,4.263,4.281,4.288,4.288,4.292,4.304,4.295,4.297,4.377,4.347,4.336,4.312,4.384,4.249,4.287,4.321,4.333,4.407
KB,70404,Going am Wilden Kaiser,1.503,1.545,1.576,1.574,1.627,1.644,1.656,1.664,1.740,1.740,1.763,1.747,1.765,1.768,1.799,1.841,1.868,1.865,1.852,1.871,1.876,1.909,1.897,1.869,1.884,1.849,1.843,1.884,1.919
KB,70405,Hochfilzen,1.132,1.130,1.135,1.117,1.128,1.120,1.114,1.124,1.108,1.090,1.103,1.095,1.109,1.128,1.145,1.147,1.120,1.124,1.123,1.139,1.147,1.149,1.152,1.148,1.182,1.196,1.213,1.243,1.275
KB,70406,Hopfgarten im Brixental,5.298,5.312,5.314,5.323,5.318,5.321,5.277,5.274,5.282,5.255,5.278,5.293,5.364,5.407,5.398,5.461,5.540,5.538,5.537,5.548,5.560,5.581,5.599,5.656,5.647,5.677,5.620,5.630,5.650
KB,70407,Itter,1.013,1.023,1.026,1.029,1.035,1.058,1.050,1.054,1.050,1.055,1.061,1.077,1.080,1.111,1.145,1.140,1.149,1.144,1.178,1.174,1.162,1.152,1.160,1.161,1.171,1.150,1.157,1.177,1.173
KB,70408,Jochberg,1.557,1.571,1.578,1.558,1.582,1.602,1.563,1.575,1.566,1.535,1.516,1.536,1.498,1.545,1.555,1.577,1.570,1.584,1.567,1.597,1.548,1.554,1.545,1.550,1.561,1.577,1.562,1.519,1.558
KB,70409,Kirchberg in Tirol,4.171,4.528,4.587,4.709,4.671,4.837,4.869,4.943,4.991,5.014,5.018,5.042,5.125,5.144,5.152,5.132,5.188,5.141,5.134,5.105,5.077,5.131,5.132,5.170,5.160,5.245,5.256,5.230,5.258
KB,70410,Kirchdorf in Tirol,3.272,3.269,3.279,3.325,3.428,3.435,3.458,3.468,3.486,3.480,3.523,3.556,3.586,3.609,3.649,3.671,3.672,3.734,3.767,3.845,3.809,3.870,3.891,3.891,3.963,3.936,4.008,3.975,4.024
KB,70411,Kitzbühel,8.194,8.052,8.094,8.224,8.427,8.515,8.620,8.657,8.679,8.529,8.499,8.424,8.470,8.473,8.412,8.328,8.263,8.155,8.168,8.089,8.168,8.211,8.241,8.330,8.341,8.272,8.216,8.225,8.239
KB,70412,Kössen,3.477,3.599,3.677,3.716,3.795,3.812,3.889,3.859,3.897,3.959,4.050,4.109,4.171,4.198,4.205,4.204,4.188,4.154,4.180,4.185,4.191,4.208,4.196,4.259,4.278,4.346,4.365,4.426,4.456
KB,70413,Oberndorf in Tirol,1.666,1.788,1.815,1.837,1.858,1.877,1.907,1.908,1.931,1.937,1.928,1.954,1.963,2.000,2.020,2.016,2.004,2.011,2.016,2.016,2.035,2.057,2.103,2.117,2.194,2.194,2.245,2.290,2.334
KB,70414,Reith bei Kitzbühel,1.430,1.465,1.487,1.543,1.553,1.565,1.593,1.593,1.609,1.624,1.641,1.645,1.649,1.663,1.669,1.671,1.656,1.647,1.622,1.665,1.657,1.669,1.681,1.676,1.649,1.662,1.661,1.674,1.692
KB,70415,St. Jakob in Haus,586,588,582,586,584,596,608,609,621,628,641,646,668,654,660,655,698,732,727,757,757,754,771,773,772,791,783,795,799
KB,70416,St. Johann in Tirol,7.265,7.425,7.372,7.541,7.689,7.845,7.866,7.940,7.940,7.982,8.038,8.184,8.314,8.439,8.510,8.569,8.662,8.705,8.752,8.724,8.782,8.889,9.046,9.226,9.425,9.428,9.477,9.547,9.663
KB,70417,St. Ulrich am Pillersee,1.315,1.372,1.388,1.409,1.410,1.415,1.414,1.432,1.439,1.452,1.442,1.457,1.481,1.502,1.493,1.536,1.577,1.559,1.589,1.605,1.617,1.702,1.724,1.757,1.786,1.819,1.833,1.874,1.872
KB,70418,Schwendt,670,668,672,685,679,701,726,753,765,756,743,757,762,762,767,762,786,794,797,790,797,790,798,836,830,823,834,857,877
KB,70419,Waidring,1.647,1.680,1.702,1.735,1.760,1.782,1.772,1.792,1.784,1.799,1.826,1.840,1.832,1.853,1.846,1.850,1.854,1.889,1.915,1.931,1.983,1.981,1.937,1.964,1.981,2.019,2.039,2.050,2.048
KB,70420,Westendorf,3.189,3.267,3.274,3.262,3.288,3.317,3.366,3.414,3.410,3.450,3.471,3.456,3.470,3.480,3.518,3.520,3.547,3.565,3.586,3.608,3.623,3.652,3.652,3.651,3.664,3.652,3.679,3.684,3.664
KU,70501,Alpbach,2.295,2.299,2.332,2.339,2.368,2.359,2.349,2.374,2.382,2.503,2.533,2.510,2.501,2.542,2.568,2.591,2.591,2.564,2.603,2.584,2.569,2.572,2.580,2.560,2.558,2.561,2.543,2.533,2.538
KU,70502,Angath,750,754,756,725,750,759,845,824,829,875,926,941,947,947,934,935,927,900,910,946,960,985,999,1.008,1.010,1.008,986,1.006,1.031
KU,70503,Bad Häring,2.298,2.276,2.259,2.273,2.307,2.310,2.255,2.274,2.273,2.286,2.327,2.320,2.343,2.378,2.356,2.376,2.466,2.505,2.549,2.569,2.562,2.585,2.606,2.616,2.749,2.777,2.774,2.846,2.882
KU,70504,Brandenberg,1.517,1.549,1.534,1.523,1.527,1.535,1.538,1.529,1.532,1.527,1.526,1.510,1.521,1.520,1.538,1.539,1.546,1.554,1.548,1.542,1.551,1.527,1.519,1.504,1.506,1.523,1.520,1.526,1.531
KU,70505,Breitenbach am Inn,2.755,2.823,2.909,2.981,3.053,3.084,3.102,3.119,3.156,3.153,3.187,3.193,3.233,3.218,3.208,3.205,3.204,3.234,3.280,3.315,3.330,3.352,3.347,3.405,3.452,3.475,3.497,3.455,3.517
KU,70506,Brixlegg,2.824,2.893,2.868,2.851,2.843,2.894,2.902,2.878,2.874,2.769,2.787,2.803,2.811,2.803,2.798,2.786,2.849,2.834,2.782,2.805,2.838,2.854,2.870,2.899,2.954,2.970,3.023,3.012,3.043
KU,70508,Ebbs,4.388,4.521,4.502,4.500,4.565,4.615,4.726,4.749,4.808,4.935,4.977,4.964,5.012,5.008,5.072,5.081,5.098,5.163,5.161,5.234,5.299,5.340,5.407,5.481,5.542,5.601,5.628,5.645,5.716
KU,70509,Ellmau,2.402,2.448,2.489,2.520,2.569,2.601,2.617,2.579,2.525,2.551,2.575,2.636,2.651,2.635,2.608,2.608,2.602,2.644,2.633,2.647,2.675,2.702,2.708,2.746,2.799,2.828,2.834,2.848,2.866
KU,70510,Erl,1.303,1.322,1.346,1.374,1.389,1.397,1.379,1.377,1.408,1.399,1.394,1.402,1.443,1.422,1.423,1.443,1.464,1.457,1.453,1.446,1.458,1.452,1.477,1.498,1.526,1.540,1.574,1.559,1.553
KU,70511,Kirchbichl,5.081,5.096,5.110,5.072,5.074,4.968,5.013,5.039,5.052,5.118,5.174,5.151,5.186,5.217,5.270,5.238,5.287,5.238,5.284,5.355,5.359,5.494,5.537,5.630,5.737,5.855,5.873,5.858,5.871
KU,70512,Kramsach,3.897,3.913,3.975,3.996,4.060,4.127,4.260,4.299,4.377,4.394,4.418,4.473,4.512,4.517,4.544,4.536,4.549,4.527,4.532,4.604,4.605,4.689,4.698,4.772,4.805,4.891,4.968,4.985,4.971
KU,70513,Kufstein,13.951,14.552,14.684,14.647,14.695,14.931,14.987,15.152,15.402,15.469,15.633,15.760,15.935,16.252,16.387,16.687,16.963,17.158,17.355,17.497,17.891,18.215,18.410,18.727,18.973,19.223,19.461,19.527,19.512
KU,70514,Kundl,3.590,3.617,3.601,3.568,3.584,3.624,3.680,3.657,3.687,3.733,3.750,3.874,3.919,3.922,3.939,3.941,3.939,3.948,3.963,3.959,4.034,4.093,4.165,4.201,4.300,4.464,4.635,4.725,4.762
KU,70515,Langkampfen,3.558,3.590,3.554,3.549,3.497,3.462,3.477,3.571,3.579,3.597,3.554,3.554,3.540,3.544,3.573,3.595,3.673,3.705,3.677,3.706,3.784,3.820,3.861,3.910,4.011,4.108,4.180,4.179,4.159
KU,70516,Mariastein,197,204,200,234,237,253,265,269,273,280,281,283,294,293,285,304,305,314,326,321,328,346,350,347,352,362,399,448,458
KU,70517,Münster,2.422,2.459,2.501,2.523,2.540,2.583,2.621,2.653,2.698,2.718,2.772,2.816,2.844,2.877,2.936,2.946,2.969,2.968,2.988,3.040,3.123,3.165,3.240,3.288,3.328,3.317,3.350,3.398,3.459
KU,70518,Niederndorf,2.213,2.254,2.285,2.308,2.327,2.356,2.357,2.392,2.397,2.446,2.475,2.502,2.509,2.528,2.539,2.545,2.554,2.606,2.610,2.614,2.660,2.661,2.649,2.655,2.699,2.736,2.762,2.826,2.820
KU,70519,Niederndorferberg,617,638,624,631,614,605,601,613,600,623,644,672,669,662,664,658,659,654,661,664,677,682,691,710,701,706,725,721,720
KU,70520,Radfeld,1.672,1.685,1.649,1.680,1.693,1.699,1.736,1.819,1.892,2.093,2.149,2.129,2.142,2.187,2.231,2.268,2.260,2.260,2.266,2.288,2.279,2.322,2.393,2.387,2.452,2.495,2.514,2.576,2.551
KU,70521,Rattenberg,545,540,556,540,479,479,464,428,425,434,431,439,435,427,424,426,398,402,405,405,422,393,410,413,405,411,408,442,448
KU,70522,Reith im Alpbachtal,2.676,2.709,2.694,2.716,2.696,2.663,2.619,2.626,2.630,2.653,2.655,2.647,2.657,2.672,2.683,2.729,2.705,2.680,2.663,2.673,2.699,2.709,2.736,2.701,2.772,2.722,2.731,2.758,2.769
KU,70523,Rettenschöss,418,429,435,435,450,443,446,440,440,438,424,427,436,434,432,425,435,438,457,465,464,469,475,475,500,513,527,542,559
KU,70524,Scheffau,1.105,1.104,1.130,1.144,1.180,1.188,1.192,1.203,1.161,1.219,1.272,1.329,1.337,1.336,1.336,1.315,1.313,1.318,1.319,1.318,1.355,1.356,1.361,1.371,1.403,1.449,1.463,1.475,1.504
KU,70525,Schwoich,2.076,2.089,2.114,2.167,2.179,2.221,2.232,2.224,2.195,2.220,2.239,2.263,2.280,2.291,2.285,2.283,2.290,2.286,2.269,2.305,2.305,2.332,2.334,2.422,2.496,2.515,2.520,2.548,2.562
KU,70526,Söll,3.263,3.279,3.277,3.355,3.359,3.350,3.415,3.399,3.417,3.411,3.476,3.442,3.561,3.554,3.641,3.570,3.488,3.523,3.515,3.543,3.534,3.535,3.562,3.597,3.641,3.631,3.688,3.657,3.722
KU,70527,Thiersee,2.646,2.673,2.662,2.681,2.707,2.696,2.714,2.711,2.700,2.706,2.712,2.752,2.758,2.766,2.821,2.832,2.818,2.823,2.814,2.848,2.797,2.844,2.872,2.887,2.989,2.990,3.012,3.033,3.097
KU,70528,Angerberg,1.479,1.516,1.529,1.587,1.638,1.656,1.682,1.660,1.671,1.669,1.674,1.668,1.694,1.689,1.709,1.744,1.742,1.736,1.737,1.764,1.785,1.825,1.856,1.879,1.877,1.890,1.896,1.892,1.925
KU,70529,Walchsee,1.606,1.602,1.654,1.666,1.693,1.689,1.690,1.679,1.717,1.745,1.753,1.765,1.787,1.771,1.763,1.780,1.792,1.794,1.817,1.793,1.787,1.814,1.852,1.868,1.901,1.878,1.913,1.936,2.041
KU,70530,Wildschönau,3.639,3.849,3.904,3.903,3.968,3.946,3.926,3.981,4.022,4.144,4.129,4.181,4.156,4.215,4.215,4.183,4.214,4.140,4.138,4.147,4.171,4.204,4.211,4.197,4.258,4.242,4.267,4.272,4.314
KU,70531,Wörgl,10.207,10.208,10.336,10.514,10.711,10.738,10.774,10.805,10.922,10.992,11.193,11.415,11.675,11.806,11.984,12.021,12.102,12.399,12.630,12.714,12.806,12.980,13.057,13.312,13.537,13.811,14.011,14.059,14.179
LA,70601,Faggen,251,269,260,258,263,274,275,276,278,275,275,268,277,301,311,335,340,347,354,370,372,366,370,373,369,383,378,390,383
LA,70602,Fendels,212,223,229,225,232,239,247,251,254,257,258,259,269,265,265,260,265,264,263,267,253,252,253,247,254,259,253,263,275
LA,70603,Fiss,766,778,807,890,902,890,922,896,926,923,940,978,1.011,1.031,975,936,1.010,1.002,1.007,976,1.012,1.016,988,1.003,996,1.009,1.041,1.041,995
LA,70604,Fließ,3.041,2.990,3.105,3.075,3.045,3.045,3.011,3.011,2.932,2.917,2.951,2.938,2.935,2.915,2.931,2.959,2.986,2.913,2.910,2.919,2.905,2.927,2.913,2.995,2.991,3.019,3.051,3.084,3.094
LA,70605,Flirsch,1.053,987,974,978,986,973,966,948,949,939,950,949,954,966,954,981,984,990,975,938,932,924,935,961,966,990,1.008,994,991
LA,70606,Galtür,712,715,728,812,799,792,773,793,848,847,845,863,872,845,844,854,860,860,877,823,816,795,788,772,771,765,787,766,767
LA,70607,Grins,1.183,1.206,1.219,1.232,1.248,1.224,1.220,1.218,1.219,1.287,1.308,1.313,1.315,1.302,1.313,1.344,1.374,1.359,1.379,1.384,1.391,1.392,1.390,1.407,1.389,1.398,1.388,1.366,1.375
LA,70608,Ischgl,1.288,1.312,1.393,1.557,1.622,1.633,1.637,1.647,1.711,1.756,1.817,1.842,1.769,2.127,1.687,1.652,1.627,1.628,1.593,1.592,1.565,1.562,1.562,1.580,1.575,1.593,1.617,1.604,1.564
LA,70609,Kappl,2.582,2.533,2.553,2.593,2.593,2.595,2.611,2.583,2.614,2.599,2.624,2.639,2.639,2.629,2.615,2.632,2.610,2.632,2.623,2.618,2.620,2.615,2.610,2.634,2.615,2.617,2.580,2.571,2.529
LA,70610,Kaunerberg,345,343,341,339,342,350,352,349,346,349,353,348,342,335,341,349,356,365,378,402,413,423,425,425,434,437,436,435,437
LA,70611,Kaunertal,588,600,606,603,590,583,585,581,593,599,606,610,613,614,614,600,597,605,611,626,620,593,600,593,603,597,602,599,616
LA,70612,Kauns,386,413,415,408,426,435,443,447,448,445,452,454,465,469,468,481,490,478,480,473,485,488,496,496,491,502,499,504,502
LA,70613,Ladis,465,483,507,536,528,535,544,543,554,547,564,540,542,549,526,522,523,515,538,534,546,542,539,530,524,531,529,543,539
LA,70614,Landeck,7.571,7.585,7.484,7.454,7.395,7.364,7.362,7.359,7.384,7.369,7.386,7.468,7.577,7.618,7.630,7.663,7.628,7.676,7.699,7.724,7.750,7.828,7.784,7.773,7.764,7.725,7.642,7.633,7.686
LA,70615,Nauders,1.479,1.521,1.524,1.563,1.489,1.510,1.574,1.581,1.591,1.596,1.632,1.665,1.659,1.649,1.555,1.526,1.517,1.530,1.532,1.552,1.551,1.552,1.573,1.560,1.556,1.542,1.531,1.535,1.543
LA,70616,Pettneu am Arlberg,1.329,1.347,1.371,1.397,1.393,1.407,1.425,1.466,1.475,1.488,1.504,1.506,1.481,1.479,1.502,1.490,1.487,1.480,1.479,1.454,1.447,1.451,1.458,1.453,1.456,1.494,1.500,1.487,1.485
LA,70617,Pfunds,2.353,2.384,2.435,2.492,2.542,2.511,2.493,2.483,2.492,2.499,2.519,2.529,2.523,2.546,2.569,2.560,2.557,2.536,2.534,2.542,2.532,2.544,2.543,2.576,2.570,2.602,2.610,2.592,2.585
LA,70618,Pians,836,832,846,838,834,842,850,838,816,806,808,807,799,787,791,789,790,776,789,799,798,801,788,821,817,813,801,800,783
LA,70619,Prutz,1.527,1.549,1.578,1.580,1.593,1.609,1.623,1.639,1.642,1.681,1.716,1.734,1.729,1.778,1.736,1.721,1.728,1.700,1.729,1.734,1.742,1.752,1.733,1.777,1.815,1.825,1.845,1.871,1.884
LA,70620,Ried im Oberinntal,1.114,1.121,1.148,1.166,1.189,1.183,1.199,1.179,1.198,1.219,1.268,1.285,1.303,1.317,1.288,1.286,1.276,1.260,1.243,1.261,1.243,1.227,1.244,1.267,1.271,1.261,1.274,1.252,1.250
LA,70621,St. Anton am Arlberg,2.269,2.365,2.405,2.465,2.481,2.648,2.730,2.758,2.738,2.724,2.810,2.813,2.838,2.806,2.713,2.658,2.625,2.569,2.532,2.535,2.498,2.426,2.426,2.350,2.353,2.372,2.358,2.372,2.357
LA,70622,Schönwies,1.608,1.624,1.613,1.631,1.609,1.632,1.601,1.636,1.655,1.666,1.672,1.680,1.681,1.711,1.711,1.686,1.692,1.693,1.684,1.712,1.709,1.706,1.712,1.726,1.703,1.697,1.678,1.682,1.658
LA,70623,See,964,979,1.027,1.011,1.032,1.046,1.050,1.060,1.089,1.101,1.116,1.135,1.088,1.122,1.126,1.156,1.169,1.178,1.169,1.165,1.167,1.185,1.197,1.218,1.260,1.265,1.263,1.271,1.253
LA,70624,Serfaus,1.060,1.079,1.136,1.254,1.234,1.244,1.210,1.213,1.230,1.120,1.256,1.265,1.204,1.175,1.175,1.187,1.143,1.117,1.078,1.080,1.094,1.086,1.107,1.127,1.109,1.134,1.125,1.139,1.151
LA,70625,Spiss,120,133,137,134,135,133,138,142,137,142,137,143,143,147,154,150,143,137,141,131,131,126,126,118,117,114,109,104,99
LA,70626,Stanz bei Landeck,548,547,549,553,560,573,591,601,596,604,604,625,627,630,615,611,598,602,602,589,575,577,569,575,575,577,578,581,576
LA,70627,Strengen,1.236,1.237,1.227,1.229,1.215,1.243,1.246,1.247,1.252,1.247,1.241,1.227,1.241,1.230,1.230,1.237,1.235,1.215,1.215,1.204,1.206,1.217,1.202,1.205,1.202,1.213,1.207,1.240,1.240
LA,70628,Tobadill,505,504,505,513,513,527,515,513,513,518,525,529,525,523,527,517,516,507,506,496,501,507,513,521,520,516,512,513,508
LA,70629,Tösens,681,689,706,705,684,677,694,705,699,687,678,686,680,691,683,671,667,667,675,665,676,679,685,690,719,728,754,756,762
LA,70630,Zams,3.246,3.367,3.301,3.329,3.350,3.368,3.336,3.360,3.374,3.376,3.347,3.369,3.367,3.309,3.310,3.323,3.310,3.310,3.271,3.265,3.288,3.347,3.364,3.413,3.423,3.409,3.406,3.398,3.459
LZ,70701,Abfaltersbach,642,624,619,626,625,614,624,621,621,627,637,639,629,645,660,659,646,647,649,652,646,634,647,644,646,630,644,646,647
LZ,70702,Ainet,1.016,1.019,1.019,1.031,1.010,1.011,1.018,1.012,1.009,1.011,1.001,998,993,980,962,955,955,940,927,919,920,910,912,906,924,936,933,920,921
LZ,70703,Amlach,263,259,286,295,301,302,309,304,307,324,317,339,352,361,370,388,383,373,363,376,388,413,470,478,471,489,491,491,492
LZ,70704,Anras,1.327,1.332,1.352,1.355,1.359,1.360,1.335,1.356,1.339,1.338,1.327,1.330,1.335,1.340,1.300,1.288,1.290,1.288,1.290,1.292,1.292,1.271,1.256,1.241,1.233,1.233,1.227,1.232,1.229
LZ,70705,Assling,2.222,2.159,2.160,2.141,2.111,2.097,2.083,2.071,2.073,2.053,2.028,2.023,2.029,1.999,1.980,1.942,1.929,1.919,1.884,1.872,1.853,1.824,1.814,1.800,1.783,1.769,1.784,1.779,1.786
LZ,70706,Ausservillgraten,1.038,1.030,1.009,998,960,953,931,919,934,907,900,889,871,857,842,836,827,807,802,787,766,764,760,755,759,760,746,747,746
LZ,70707,Dölsach,2.102,2.149,2.164,2.159,2.179,2.203,2.206,2.218,2.214,2.189,2.217,2.239,2.265,2.256,2.254,2.301,2.291,2.279,2.287,2.269,2.272,2.244,2.235,2.319,2.307,2.338,2.333,2.324,2.303
LZ,70708,Gaimberg,759,761,759,767,757,757,745,745,759,778,788,793,800,837,834,836,837,822,842,837,857,843,849,838,815,822,838,848,872
LZ,70709,Hopfgarten in Defereggen,921,926,932,910,916,900,876,857,846,835,820,805,791,783,786,785,777,761,760,764,744,734,725,722,715,704,696,691,686
LZ,70710,Innervillgraten,998,1.010,1.004,999,1.000,994,997,1.001,1.008,986,984,983,993,1.004,1.005,1.009,1.007,1.001,985,973,965,962,956,940,947,938,925,906,912
LZ,70711,Iselsberg-Stronach,510,507,506,535,558,545,549,574,574,572,585,593,597,613,609,603,619,608,594,611,600,602,604,600,598,596,605,610,605
LZ,70712,Kals am Großglockner,1.321,1.324,1.319,1.327,1.332,1.350,1.352,1.363,1.355,1.338,1.307,1.292,1.294,1.287,1.292,1.256,1.251,1.237,1.232,1.224,1.223,1.209,1.204,1.166,1.139,1.142,1.132,1.130,1.120
LZ,70713,Kartitsch,983,982,977,964,956,940,928,923,918,894,894,886,870,871,869,855,849,854,840,833,822,823,812,807,808,803,771,775,759
LZ,70714,Lavant,255,256,258,254,259,267,269,272,278,269,274,275,271,279,285,280,275,276,287,295,294,290,301,303,319,320,325,330,339
LZ,70715,Leisach,845,870,865,849,888,891,901,895,903,890,895,895,891,884,876,860,842,842,813,815,787,783,765,745,754,729,718,719,707
LZ,70716,Lienz,12.279,12.303,12.332,12.375,12.387,12.298,12.351,12.265,12.276,12.071,11.994,11.937,12.006,12.057,12.085,12.006,11.916,11.917,11.896,11.758,11.779,11.903,11.894,12.044,11.945,11.844,11.868,11.905,11.935
LZ,70717,Matrei in Osttirol,4.728,4.787,4.803,4.833,4.870,4.841,4.837,4.849,4.852,4.908,4.900,4.901,4.931,4.969,4.993,4.964,4.826,4.755,4.750,4.729,4.684,4.677,4.682,4.675,4.663,4.667,4.635,4.651,4.633
LZ,70718,Nikolsdorf,917,912,904,895,886,886,870,863,872,861,853,852,861,863,867,868,870,874,885,901,897,879,864,879,910,894,888,880,887
LZ,70719,Nussdorf-Debant,2.872,2.902,2.982,2.997,3.008,3.029,3.015,3.068,3.077,3.097,3.102,3.189,3.188,3.229,3.235,3.253,3.245,3.208,3.222,3.301,3.267,3.261,3.243,3.238,3.275,3.325,3.356,3.360,3.403
LZ,70720,Oberlienz,1.393,1.364,1.383,1.345,1.368,1.389,1.407,1.425,1.442,1.446,1.446,1.447,1.457,1.440,1.443,1.425,1.408,1.409,1.384,1.391,1.404,1.407,1.441,1.475,1.470,1.485,1.495,1.461,1.458
LZ,70721,Obertilliach,810,810,798,792,787,784,794,797,805,788,769,762,754,752,754,746,738,725,712,709,708,693,687,688,688,666,666,663,656
LZ,70723,Prägraten am Großvenediger,1.262,1.283,1.298,1.316,1.318,1.307,1.299,1.302,1.294,1.277,1.271,1.261,1.258,1.260,1.256,1.248,1.250,1.232,1.227,1.224,1.205,1.182,1.173,1.169,1.157,1.149,1.126,1.139,1.144
LZ,70724,St. Jakob in Defereggen,1.104,1.133,1.095,1.111,1.117,1.029,1.015,1.009,1.004,1.009,989,986,990,968,950,935,942,940,926,924,906,899,879,866,859,848,842,834,829
LZ,70725,St. Johann im Walde,304,306,307,311,309,320,315,312,311,300,307,307,308,300,308,307,301,298,296,291,276,276,274,283,287,285,287,298,297
LZ,70726,St. Veit in Defereggen,796,810,803,808,796,783,787,779,788,794,781,770,770,771,775,765,751,735,738,730,727,724,706,693,685,670,652,639,636
LZ,70727,Schlaiten,474,461,460,479,477,487,495,492,493,501,496,501,502,494,493,482,479,476,469,470,468,475,474,474,471,474,471,458,453
LZ,70728,Sillian,2.129,2.097,2.128,2.094,2.096,2.091,2.113,2.145,2.129,2.113,2.112,2.078,2.082,2.087,2.092,2.100,2.114,2.099,2.063,2.058,2.044,2.045,2.022,2.044,2.050,2.051,2.043,2.030,2.030
LZ,70729,Strassen,880,872,872,851,884,901,901,914,906,879,881,888,882,872,861,849,846,853,838,830,825,803,797,792,780,808,800,796,797
LZ,70731,Thurn,590,624,634,653,651,639,637,642,643,637,642,632,631,621,626,618,625,638,635,634,620,608,627,615,615,608,618,619,625
LZ,70732,Tristach,1.247,1.238,1.251,1.253,1.276,1.273,1.259,1.240,1.254,1.258,1.287,1.310,1.305,1.307,1.342,1.342,1.359,1.383,1.397,1.407,1.399,1.406,1.391,1.387,1.394,1.437,1.440,1.442,1.461
LZ,70733,Untertilliach,300,310,303,293,297,293,289,290,283,272,267,268,267,271,272,262,258,250,249,248,249,245,244,245,236,237,229,223,223
LZ,70734,Virgen,2.035,2.065,2.050,2.073,2.078,2.103,2.137,2.128,2.131,2.137,2.131,2.118,2.126,2.137,2.159,2.153,2.161,2.199,2.203,2.200,2.189,2.173,2.173,2.198,2.186,2.199,2.191,2.200,2.215
LZ,70735,Heinfels,967,980,980,997,994,1.015,995,998,1.006,1.006,1.000,1.013,1.027,1.036,1.033,1.033,1.014,1.017,1.008,1.005,995,1.028,1.015,997,990,977,978,992,1.008
RE,70801,Bach,687,738,737,737,720,714,708,699,694,691,688,688,688,683,682,693,675,676,672,686,669,656,641,630,629,614,612,623,634
RE,70802,Berwang,575,608,622,622,652,640,636,639,641,621,618,600,599,594,602,591,587,593,591,584,571,565,564,554,547,565,564,586,597
RE,70803,Biberwier,608,571,583,595,597,611,613,601,584,599,606,609,610,606,622,630,639,643,644,630,640,627,617,628,625,628,612,622,631
RE,70804,Bichlbach,797,849,853,875,875,908,897,870,871,857,855,845,822,815,820,825,797,801,789,794,764,753,732,756,781,788,781,788,772
RE,70805,Breitenwang,1.621,1.617,1.638,1.626,1.602,1.605,1.600,1.566,1.586,1.596,1.583,1.568,1.576,1.567,1.608,1.614,1.592,1.548,1.517,1.527,1.547,1.516,1.476,1.463,1.454,1.423,1.464,1.456,1.479
RE,70806,Ehenbichl,676,671,694,707,706,736,729,716,709,700,701,741,769,783,776,797,832,854,820,808,856,841,826,827,823,824,825,821,821
RE,70807,Ehrwald,2.366,2.365,2.425,2.579,2.584,2.570,2.563,2.586,2.573,2.587,2.626,2.627,2.663,2.662,2.644,2.649,2.650,2.630,2.586,2.580,2.570,2.585,2.574,2.585,2.601,2.593,2.585,2.610,2.593
RE,70808,Elbigenalp,868,868,855,834,846,858,845,869,825,816,830,831,829,840,826,815,806,845,845,861,849,847,870,886,891,889,872,887,884
RE,70809,Elmen,379,378,394,395,404,395,399,398,389,386,385,391,391,387,398,388,396,392,385,374,378,370,372,373,378,373,370,383,391
RE,70810,Forchach,270,269,268,270,265,275,292,293,293,288,281,292,285,296,285,285,289,291,282,277,268,266,266,265,258,259,261,263,260
RE,70811,Grän,527,547,564,568,575,578,583,590,590,606,604,599,592,609,598,587,586,576,581,576,594,616,600,618,604,599,599,592,597
RE,70812,Gramais,49,54,50,56,56,60,59,61,60,58,57,60,62,67,63,67,67,60,52,53,54,47,46,51,47,45,41,41,41
RE,70813,Häselgehr,671,673,679,684,675,675,684,681,679,713,699,710,708,686,693,699,713,689,687,666,665,673,661,659,679,690,686,676,666
RE,70814,Heiterwang,512,519,527,532,543,545,547,547,548,538,539,529,528,521,535,526,528,517,519,509,507,507,492,500,515,532,531,533,531
RE,70815,Hinterhornbach,98,101,101,100,100,95,90,94,93,94,95,94,92,90,88,86,87,92,95,98,90,90,91,93,91,92,93,91,94
RE,70816,Höfen,1.197,1.200,1.209,1.225,1.233,1.236,1.244,1.257,1.255,1.283,1.277,1.273,1.263,1.285,1.285,1.260,1.260,1.253,1.287,1.268,1.247,1.247,1.218,1.207,1.210,1.200,1.208,1.210,1.253
RE,70817,Holzgau,450,442,447,447,472,463,462,467,457,466,470,470,475,469,465,464,443,452,429,437,419,414,417,433,431,412,404,401,387
RE,70818,Jungholz,371,379,341,323,319,306,297,300,322,328,321,342,329,307,305,293,291,290,303,300,286,288,283,285,287,301,294,308,302
RE,70819,Kaisers,87,86,85,77,77,71,74,78,84,89,87,84,88,86,88,84,81,78,75,71,76,74,75,74,73,76,76,75,78
RE,70820,Lechaschau,1.767,1.791,1.785,1.838,1.839,1.814,1.887,1.870,1.921,1.880,1.957,1.947,1.948,1.953,1.962,1.972,1.984,1.984,1.981,2.041,2.035,2.060,2.002,1.988,2.028,2.108,2.132,2.094,2.081
RE,70821,Lermoos,962,999,995,987,1.015,1.034,1.048,1.050,1.041,1.060,1.059,1.062,1.083,1.085,1.082,1.111,1.098,1.094,1.104,1.109,1.102,1.079,1.100,1.114,1.144,1.156,1.158,1.143,1.138
RE,70822,Musau,368,356,357,371,370,357,370,384,382,371,367,362,372,381,376,381,396,401,405,397,398,392,389,390,391,391,387,390,384
RE,70823,Namlos,115,113,109,105,102,101,104,104,103,104,110,101,102,101,98,93,95,94,96,89,86,85,77,76,72,72,74,73,65
RE,70824,Nesselwängle,466,470,475,455,463,470,465,452,458,453,448,447,442,439,433,424,419,423,416,415,431,428,432,456,452,455,459,462,456
RE,70825,Pfafflar,134,138,138,131,131,134,142,143,137,139,134,131,131,132,129,125,124,123,120,123,117,113,110,102,108,112,108,105,105
RE,70826,Pflach,1.004,1.046,1.055,1.084,1.102,1.070,1.110,1.100,1.105,1.118,1.111,1.144,1.214,1.219,1.234,1.229,1.243,1.245,1.250,1.259,1.268,1.303,1.317,1.355,1.409,1.397,1.422,1.446,1.502
RE,70827,Pinswang,417,416,411,408,410,411,405,437,438,434,427,421,428,427,428,426,421,424,416,417,411,406,405,413,411,412,406,405,401
RE,70828,Reutte,5.670,5.584,5.551,5.535,5.528,5.603,5.644,5.725,5.693,5.724,5.777,5.743,5.727,5.730,5.773,5.855,5.851,5.785,5.896,6.038,6.090,6.210,6.340,6.506,6.638,6.704,6.772,6.918,6.989
RE,70829,Schattwald,406,427,431,411,419,424,413,409,414,406,404,407,412,416,407,410,417,423,422,426,421,425,429,426,422,437,450,450,456
RE,70830,Stanzach,410,415,415,403,399,404,400,414,423,421,418,415,408,407,403,407,411,414,415,418,418,432,443,441,451,455,465,462,485
RE,70831,Steeg,666,690,712,716,715,708,701,716,714,724,711,723,719,725,726,722,724,713,710,687,683,673,680,671,679,671,667,662,659
RE,70832,Tannheim,1.003,1.004,1.013,1.015,1.023,1.046,1.043,1.047,1.044,1.083,1.087,1.085,1.081,1.096,1.085,1.088,1.082,1.065,1.046,1.036,1.053,1.042,1.040,1.060,1.075,1.067,1.100,1.105,1.132
RE,70833,Vils,1.462,1.485,1.534,1.560,1.520,1.520,1.516,1.558,1.562,1.571,1.649,1.642,1.630,1.592,1.546,1.552,1.537,1.539,1.516,1.478,1.491,1.486,1.504,1.507,1.527,1.535,1.517,1.492,1.483
RE,70834,Vorderhornbach,277,276,276,283,284,286,281,286,285,282,277,271,277,276,272,263,257,257,259,264,256,248,249,248,243,245,246,250,257
RE,70835,Wängle,811,841,846,861,829,879,879,887,896,923,925,917,904,877,892,875,859,867,851,848,852,837,862,912,935,931,942,930,943
RE,70836,Weissenbach,1.329,1.341,1.357,1.364,1.350,1.346,1.340,1.311,1.318,1.330,1.298,1.309,1.311,1.318,1.306,1.311,1.282,1.288,1.303,1.276,1.260,1.261,1.275,1.262,1.271,1.250,1.261,1.252,1.267
RE,70837,Zöblen,229,239,230,242,243,238,235,240,241,239,238,237,237,239,243,240,242,257,242,234,225,210,216,222,219,231,226,233,240
SZ,70901,Achenkirch,2.127,2.054,2.093,2.111,2.112,2.090,2.084,2.087,2.064,2.075,2.093,2.071,2.048,2.089,2.113,2.100,2.132,2.116,2.155,2.149,2.130,2.118,2.105,2.181,2.226,2.185,2.199,2.198,2.169
SZ,70902,Aschau im Zillertal,1.364,1.378,1.396,1.417,1.457,1.464,1.481,1.493,1.511,1.550,1.570,1.580,1.595,1.600,1.616,1.595,1.601,1.602,1.614,1.731,1.725,1.728,1.749,1.821,1.840,1.866,1.845,1.844,1.866
SZ,70903,Brandberg,336,341,339,344,341,339,335,344,344,347,351,346,349,357,362,367,355,356,349,348,354,353,366,359,358,354,361,362,368
SZ,70904,Bruck am Ziller,908,880,896,910,912,911,930,912,919,924,931,934,936,951,975,979,992,989,992,994,1.021,1.048,1.048,1.084,1.090,1.098,1.124,1.127,1.132
SZ,70905,Buch in Tirol,2.149,2.196,2.210,2.242,2.252,2.309,2.359,2.394,2.441,2.473,2.440,2.459,2.538,2.518,2.600,2.594,2.535,2.570,2.559,2.539,2.509,2.512,2.535,2.536,2.535,2.548,2.606,2.611,2.596
SZ,70907,Eben am Achensee,2.216,2.331,2.417,2.507,2.603,2.628,2.619,2.536,2.671,2.686,2.698,2.706,2.686,2.747,2.782,2.798,2.805,2.778,2.790,2.818,2.880,2.979,3.016,3.096,3.168,3.180,3.255,3.280,3.352
SZ,70908,Finkenberg,1.543,1.542,1.529,1.533,1.527,1.524,1.548,1.518,1.513,1.534,1.518,1.532,1.517,1.552,1.543,1.524,1.517,1.514,1.513,1.504,1.475,1.441,1.445,1.447,1.404,1.421,1.412,1.415,1.413
SZ,70909,Fügen,2.986,3.022,3.113,3.095,3.144,3.202,3.286,3.295,3.372,3.464,3.534,3.542,3.577,3.649,3.658,3.697,3.719,3.760,3.796,3.830,3.917,3.954,4.018,4.025,4.097,4.169,4.225,4.200,4.227
SZ,70910,Fügenberg,1.141,1.136,1.131,1.140,1.137,1.125,1.144,1.155,1.175,1.184,1.196,1.202,1.248,1.292,1.313,1.309,1.324,1.314,1.345,1.340,1.340,1.358,1.358,1.364,1.365,1.405,1.401,1.452,1.436
SZ,70911,Gallzein,468,467,476,482,471,494,486,488,490,508,531,542,546,549,568,567,572,570,562,597,620,625,641,646,663,668,671,679,679
SZ,70912,Gerlos,772,776,765,853,840,829,829,819,824,819,804,792,795,787,794,782,785,772,776,777,759,773,783,800,788,790,798,801,805
SZ,70913,Gerlosberg,357,358,363,367,374,392,392,397,394,398,407,424,432,449,449,454,459,456,469,484,471,475,469,466,464,465,464,474,472
SZ,70914,Hainzenberg,583,586,596,609,608,620,644,664,670,673,672,650,648,649,648,650,659,672,682,690,687,696,708,728,733,731,720,713,723
SZ,70915,Hart im Zillertal,1.256,1.268,1.304,1.288,1.335,1.352,1.350,1.317,1.297,1.294,1.295,1.313,1.350,1.377,1.392,1.401,1.424,1.428,1.479,1.510,1.532,1.549,1.555,1.567,1.575,1.587,1.584,1.581,1.600
SZ,70916,Hippach,1.371,1.382,1.376,1.393,1.405,1.395,1.388,1.383,1.400,1.416,1.409,1.416,1.390,1.380,1.372,1.363,1.368,1.376,1.372,1.377,1.401,1.416,1.409,1.444,1.462,1.455,1.475,1.444,1.443
SZ,70917,Jenbach,6.266,6.409,6.448,6.440,6.518,6.521,6.502,6.544,6.571,6.648,6.728,6.722,6.850,6.891,6.858,6.854,6.921,6.880,6.847,6.822,6.870,6.944,6.955,7.015,7.088,7.120,7.175,7.230,7.175
SZ,70918,Kaltenbach,1.027,1.002,1.004,1.024,1.029,1.117,1.125,1.170,1.175,1.139,1.152,1.160,1.202,1.214,1.242,1.260,1.237,1.214,1.227,1.232,1.243,1.246,1.268,1.264,1.288,1.313,1.327,1.317,1.319
SZ,70920,Mayrhofen,3.453,3.437,3.464,3.566,3.667,3.710,3.720,3.720,3.753,3.777,3.827,3.853,3.865,3.818,3.814,3.781,3.933,3.858,3.826,3.806,3.803,3.858,3.864,3.788,3.840,3.858,3.875,3.937,3.907
SZ,70921,Pill,925,951,932,927,931,929,946,987,1.021,1.046,1.068,1.051,1.040,1.066,1.057,1.059,1.065,1.050,1.061,1.117,1.123,1.149,1.143,1.167,1.165,1.174,1.181,1.198,1.202
SZ,70922,Ramsau im Zillertal,1.216,1.236,1.236,1.265,1.284,1.340,1.358,1.386,1.383,1.439,1.455,1.487,1.517,1.511,1.544,1.567,1.580,1.574,1.582,1.568,1.570,1.574,1.591,1.596,1.622,1.617,1.647,1.665,1.670
SZ,70923,Ried im Zillertal,993,1.009,1.022,1.031,1.074,1.105,1.138,1.163,1.187,1.186,1.211,1.259,1.286,1.275,1.256,1.246,1.241,1.237,1.231,1.224,1.216,1.224,1.249,1.269,1.263,1.280,1.279,1.281,1.278
SZ,70924,Rohrberg,424,420,407,396,372,390,382,376,383,376,386,395,454,462,477,501,518,523,536,533,536,556,556,561,568,574,577,577,581
SZ,70925,Schlitters,1.049,1.026,1.025,1.067,1.172,1.228,1.232,1.218,1.260,1.266,1.297,1.322,1.293,1.329,1.361,1.350,1.362,1.375,1.398,1.400,1.427,1.434,1.434,1.454,1.457,1.481,1.483,1.517,1.508
SZ,70926,Schwaz,11.713,11.902,11.947,11.917,11.906,11.868,11.920,11.985,12.136,12.163,12.246,12.274,12.500,12.582,12.582,12.774,12.885,12.910,12.968,13.036,13.038,13.187,13.248,13.436,13.606,13.728,13.618,13.791,13.810
SZ,70927,Schwendau,1.303,1.324,1.337,1.379,1.376,1.366,1.368,1.395,1.413,1.430,1.424,1.444,1.447,1.474,1.471,1.486,1.545,1.555,1.591,1.605,1.602,1.638,1.664,1.679,1.695,1.725,1.786,1.760,1.758
SZ,70928,Stans,1.747,1.745,1.773,1.809,1.849,1.865,1.865,1.863,1.866,1.876,1.885,1.888,1.885,1.885,1.877,1.878,1.880,1.907,1.922,1.933,1.912,1.915,1.933,1.975,1.998,2.035,2.116,2.132,2.159
SZ,70929,Steinberg am Rofan,288,300,320,313,299,292,289,299,295,300,290,284,280,290,294,300,300,293,297,297,299,292,288,285,286,286,281,286,287
SZ,70930,Strass im Zillertal,802,780,793,777,788,814,827,814,794,811,818,824,824,846,826,844,845,849,846,839,819,830,824,830,848,836,843,848,860
SZ,70931,Stumm,1.588,1.665,1.707,1.759,1.759,1.777,1.779,1.773,1.769,1.771,1.801,1.791,1.823,1.813,1.834,1.835,1.807,1.812,1.812,1.794,1.827,1.835,1.853,1.854,1.863,1.885,1.899,1.916,1.928
SZ,70932,Stummerberg,822,825,803,798,800,785,783,814,823,785,773,767,775,795,807,816,811,815,830,845,835,838,854,853,859,844,854,852,851
SZ,70933,Terfens,1.783,1.805,1.810,1.829,1.858,1.901,1.904,1.902,1.955,1.987,2.010,2.049,2.025,2.031,2.028,2.034,2.024,2.045,2.056,2.083,2.107,2.084,2.122,2.146,2.173,2.184,2.188,2.160,2.222
SZ,70934,Tux,2.078,2.068,2.039,2.012,1.968,1.949,1.916,1.932,1.939,1.977,1.976,1.976,1.941,1.937,1.933,1.914,1.913,1.896,1.899,1.931,1.914,1.925,1.915,1.940,1.960,1.941,1.964,1.959,1.924
SZ,70935,Uderns,1.390,1.397,1.399,1.414,1.448,1.468,1.485,1.509,1.502,1.532,1.508,1.559,1.573,1.573,1.587,1.605,1.616,1.626,1.648,1.662,1.668,1.671,1.692,1.753,1.788,1.845,1.850,1.853,1.837
SZ,70936,Vomp,3.962,3.958,4.007,3.996,4.166,4.187,4.250,4.328,4.351,4.392,4.442,4.404,4.415,4.498,4.497,4.491,4.592,4.591,4.630,4.655,4.696,4.743,4.833,4.991,5.026,5.146,5.181,5.235,5.283
SZ,70937,Weer,1.329,1.347,1.286,1.428,1.403,1.344,1.344,1.324,1.344,1.413,1.462,1.480,1.489,1.492,1.485,1.484,1.500,1.501,1.537,1.539,1.520,1.485,1.513,1.514,1.531,1.539,1.626,1.610,1.640
SZ,70938,Weerberg,2.019,2.065,2.116,2.158,2.181,2.195,2.214,2.208,2.202,2.198,2.197,2.217,2.242,2.262,2.269,2.270,2.254,2.297,2.316,2.331,2.368,2.396,2.418,2.473,2.514,2.482,2.496,2.499,2.495
SZ,70939,Wiesing,1.633,1.684,1.686,1.701,1.697,1.708,1.699,1.722,1.740,1.791,1.848,1.836,1.857,1.876,1.947,1.994,2.000,2.007,2.008,2.045,2.057,2.033,2.057,2.063,2.076,2.124,2.140,2.144,2.144
SZ,70940,Zell am Ziller,1.934,1.928,1.957,1.974,2.000,1.946,1.927,1.885,1.884,1.857,1.871,1.841,1.809,1.824,1.809,1.764,1.763,1.745,1.722,1.742,1.760,1.768,1.749,1.720,1.738,1.758,1.702,1.716,1.657
SZ,70941,Zellberg,666,673,697,700,700,698,694,688,701,687,645,651,644,650,646,643,647,651,628,631,645,655,649,651,653,648,645,665,680
